{"stats":{"minecraft:killed":{"minecraft:cave_spider":2,"minecraft:witch":1,"earthmobsmod:jumbo_rabbit":1,"born_in_chaos_v1:zombie_lumberjack":3,"born_in_chaos_v1:restless_spirit":1,"iceandfire:gorgon":1,"enemyexpansion:equestrian":3,"minecraft:spider":9,"undead_revamp2:clogger":1,"luminousworld:frost_bitten_skeleton":1,"undead_revamp2:thesmoker":3,"mowziesmobs:frostmaw":1,"alexsmobs:alligator_snapping_turtle":1,"minecraft:skeleton":6,"undead_revamp2:deadclogger":1,"minecraft:bee":1,"undead_revamp2:therod":1,"undead_revamp2:thepregnant":1,"born_in_chaos_v1:firelight_not_despawn":3,"artifacts:mimic":12,"iceandfire:myrmex_worker":6,"quark:stoneling":1,"born_in_chaos_v1:diamond_termite":7,"minecraft:zombie_villager":4,"naturalist:snake":1,"earthmobsmod:lobber_zombie":2,"undead_revamp2:theheavy":2,"luminousworld:trout_fish":1,"born_in_chaos_v1:zombie_fisherman":3,"luminousworld:savannah_skeleton":1,"minecraft:zombie":13,"born_in_chaos_v1:dread_hound":6,"iceandfire:myrmex_queen":1,"born_in_chaos_v1:corpse_fly":11,"enemyexpansion:botfly":9,"undead_revamp2:theskeeper":1,"undead_revamp2:propball_1":2,"iceandfire:lightning_dragon":5,"born_in_chaos_v1:door_knight":2,"iceandfire:sea_serpent":1,"minecraft:cow":4,"alexscaves:vallumraptor":11,"alexscaves:corrodent":1,"enemyexpansion:trollenraged":1,"alexscaves:tremorsaurus":1,"born_in_chaos_v1:missioner":1,"undead_revamp2:thehunter":3,"enemyexpansion:intruder":1,"luminousworld:sunken_skeleton":1,"quark:toretoise":1,"enemyexpansion:direwolf":3,"undead_revamp2:bomber":1,"minecraft:slime":14,"born_in_chaos_v1:thornshell_crab":1,"born_in_chaos_v1:zombie_bruiser":5,"born_in_chaos_v1:maggot":11,"minecraft:phantom":2,"born_in_chaos_v1:dire_hound_leader":1,"mowziesmobs:ferrous_wroughtnaut":2,"luminousworld:swamp_skeleton":6,"naturalist:bass":5,"luminousworld:sunny_fish":1,"luminousworld:monarch":1,"born_in_chaos_v1:corpse_fish":5,"undead_revamp2:thehorrors":1,"iceandfire:deathworm":1,"alexscaves:relicheirus":2,"undead_revamp2:sucker":1,"luminousworld:savannah_zombie":5,"earthmobsmod:albino_cow":2,"undead_revamp2:invisiblebidy":2,"minecraft:husk":2,"iceandfire:cyclops":1,"born_in_chaos_v1:baby_skeleton":3,"undead_revamp2:the_moonflower":29,"enemyexpansion:sprinter":2,"born_in_chaos_v1:decrepit_skeleton":4,"alexsmobs:catfish":8,"undead_revamp2:thesomnolence":1,"iceandfire:myrmex_soldier":2,"naturalist:catfish":6,"luminousworld:swamp_zombie":3,"iceandfire:ghost":4,"alexscaves:subterranodon":1,"born_in_chaos_v1:dark_vortex":1,"born_in_chaos_v1:nightmare_stalker":1,"iceandfire:ice_dragon":4,"alexscaves:grottoceratops":2},"minecraft:custom":{"minecraft:interact_with_crafting_table":50,"minecraft:open_barrel":47,"minecraft:eat_cake_slice":10,"minecraft:leave_game":11,"minecraft:time_since_death":281880,"minecraft:sprint_one_cm":1048612,"minecraft:damage_blocked_by_shield":270,"minecraft:drop":245,"minecraft:play_noteblock":10,"minecraft:play_time":708789,"minecraft:deaths":8,"minecraft:interact_with_brewingstand":2,"minecraft:jump":8780,"minecraft:walk_on_water_one_cm":149331,"minecraft:enchant_item":14,"minecraft:interact_with_furnace":73,"minecraft:interact_with_loom":11,"minecraft:sleep_in_bed":14,"minecraft:damage_dealt":127623,"minecraft:crouch_one_cm":58371,"tombstone:undead_killed":122,"minecraft:interact_with_smoker":1,"minecraft:interact_with_anvil":17,"minecraft:mob_kills":313,"minecraft:damage_dealt_resisted":2430,"minecraft:climb_one_cm":17103,"minecraft:walk_one_cm":1429540,"minecraft:sneak_time":40329,"minecraft:walk_under_water_one_cm":155488,"minecraft:interact_with_lectern":1,"minecraft:interact_with_blast_furnace":9,"minecraft:total_world_time":708789,"tombstone:raider_killed":3,"minecraft:tune_noteblock":13,"minecraft:interact_with_grindstone":5,"minecraft:time_since_rest":8746,"minecraft:damage_absorbed":40,"minecraft:damage_taken":11902,"minecraft:trigger_trapped_chest":4,"minecraft:swim_one_cm":125513,"minecraft:fly_one_cm":6359401,"minecraft:open_chest":259,"minecraft:fall_one_cm":190538},"minecraft:dropped":{"minecraft:iron_sword":1,"minecraft:moss_block":2,"minecraft:brown_mushroom":7,"minecraft:porkchop":1,"minecraft:oak_log":15,"minecraft:golden_pickaxe":1,"alexscaves:curly_fern":4,"ecologics:coconut_slice":8,"minecraft:orange_tulip":1,"iceandfire:ice_dragon_flesh":1,"minecraft:leather":1,"minecraft:cracked_stone_bricks":1,"born_in_chaos_v1:pieceofdarkmetal":11,"artifacts:flippers":1,"quark:limestone":48,"minecraft:flint":1,"minecraft:emerald":2,"born_in_chaos_v1:monster_flesh":4,"minecraft:dirt":20,"luminousworld:sunny":1,"luminousworld:trout":1,"alexscaves:dinosaur_nugget":2,"minecraft:bone_meal":9,"iceandfire:ash":2,"minecraft:sand":3,"minecraft:sugar":1,"minecraft:iron_pickaxe":1,"undead_revamp2:blacpetalblock":1,"alexscaves:cycad":1,"luminousworld:clovers_1":1,"minecraft:bone":44,"naturalist:cooked_egg":1,"quark:ancient_tome":2,"minecraft:gravel":7,"minecraft:cobbled_deepslate":3,"alexscaves:cave_tablet":6,"hangglider:glider_wing":1,"minecraft:wheat":8,"undead_revamp2:arapholia":5,"tombstone:gift":2,"minecraft:rotten_flesh":117,"minecraft:oak_planks":2,"iceandfire:crackled_gravel":1,"alexscaves:thin_bone":2,"minecraft:salmon":1,"minecraft:carrot":1,"minecraft:rabbit_foot":1,"minecraft:rabbit_hide":3,"supplementaries:flax_seeds":1,"supplementaries:ash":1,"alexscaves:fern_thatch":2,"minecraft:gunpowder":1,"minecraft:beetroot_seeds":3,"born_in_chaos_v1:corpse_maggot":4,"minecraft:acacia_sapling":4,"minecraft:chainmail_boots":3,"born_in_chaos_v1:diamond_termite_shard":2,"minecraft:red_nether_bricks":6,"minecraft:arrow":8,"minecraft:beef":1,"undead_revamp2:rawbostrox":1,"luminousworld:beastiary":1,"minecraft:enchanted_book":2,"minecraft:bread":16,"minecraft:oak_slab":1,"luminousworld:sunset_petunias":3,"minecraft:wheat_seeds":15,"luminousworld:ishstone":1,"minecraft:diamond_leggings":2,"minecraft:feather":6,"minecraft:cobblestone":21,"minecraft:granite":1,"minecraft:copper_ingot":2,"iceandfire:lightning_dragon_flesh":1,"naturalist:duckweed":3,"minecraft:chainmail_helmet":5,"minecraft:stick":22,"minecraft:diorite":8,"iceandfire:copper_nugget":50,"minecraft:green_dye":4,"minecraft:diamond_helmet":2,"naturalist:catfish":2,"tombstone:grave_dust":5,"iceandfire:ice_dragon_heart":1,"minecraft:pumpkin":8,"minecraft:iron_axe":2,"minecraft:mud":11,"minecraft:chainmail_leggings":2,"minecraft:string":9,"minecraft:lily_pad":29,"tombstone:voodoo_poppet":1,"iceandfire:dragonbone":16,"iceandfire:silver_nugget":66,"minecraft:moss_carpet":1,"alexsmobs:acacia_blossom":1,"minecraft:coarse_dirt":1,"born_in_chaos_v1:black_argillite_button":1,"iceandfire:dragon_skull_ice":2,"naturalist:cattail_fluff":7,"minecraft:pumpkin_seeds":2,"minecraft:filled_map":1,"iceandfire:dragon_ice":3,"minecraft:stone":3,"minecraft:diamond_chestplate":2,"aether:iron_gloves":1,"aether:diamond_gloves":1,"minecraft:iron_chestplate":1,"luminousworld:groundpebbles_1":2,"iceandfire:silver_ingot":1,"minecraft:oak_sapling":3,"minecraft:stone_pressure_plate":1,"minecraft:spider_eye":3,"minecraft:stone_bricks":1,"minecraft:diamond_boots":2,"minecraft:slime_ball":2,"luminousworld:elephant_grass":1,"minecraft:bow":1,"minecraft:wooden_pickaxe":1,"iceandfire:crackled_stone":1,"ecologics:seashell":1,"minecraft:bell":1,"iceandfire:dragon_skull_lightning":5},"minecraft:used":{"iceandfire:tide_trident":434,"naturalist:cooked_catfish":4,"minecraft:shield":5,"alexsmobs:medium_catfish_bucket":1,"minecraft:rotten_flesh":3,"minecraft:iron_chestplate":1,"alexscaves:ambersol":26,"naturalist:cooked_bass":14,"iceandfire:cannoli":1,"undead_revamp2:cloogerribs":6,"minecraft:mangrove_slab":1,"minecraft:furnace":7,"iceandfire:dragonegg_copper":1,"naturalist:cooked_egg":1,"minecraft:oak_planks":112,"minecraft:sugar_cane":19,"minecraft:stone_pickaxe":133,"minecraft:wooden_pickaxe":23,"luminousworld:groundpebbles_1":3,"minecraft:golden_apple":1,"minecraft:sand":3,"minecraft:loom":5,"minecraft:note_block":9,"sophisticatedbackpacks:backpack":1,"iceandfire:dragonforge_lightning_core_disabled":1,"born_in_chaos_v1:monster_flesh":1,"minecraft:bread":30,"tombstone:grave_key":1,"iceandfire:ice_dragon_flesh":7,"minecraft:gravel":2,"alexscaves:cycad":1,"minecraft:diamond_sword":91,"minecraft:grindstone":1,"iceandfire:dragon_bone_block":9,"minecraft:andesite":1,"iceandfire:dragonforge_lightning_input":1,"minecraft:coarse_dirt":9,"minecraft:bone_meal":10,"minecraft:experience_bottle":504,"iceandfire:silver_sword":345,"minecraft:enchanting_table":1,"minecraft:flint_and_steel":8,"minecraft:carved_pumpkin":1,"born_in_chaos_v1:black_argillite":7,"endrem:lost_eye":1,"minecraft:torch":49,"minecraft:dirt":1641,"minecraft:anvil":2,"alexscaves:ancient_sapling":2,"alexscaves:limestone":11,"minecraft:granite":6,"minecraft:wooden_axe":39,"minecraft:bookshelf":21,"minecraft:iron_block":1,"minecraft:iron_axe":184,"iceandfire:dragonforge_lightning_brick":21,"alexscaves:spelunkery_table":1,"torchmaster:megatorch":2,"tombstone:gift":10,"undead_revamp2:arapholia":1,"minecraft:cooked_beef":12,"minecraft:golden_axe":48,"alexscaves:dinosaur_nugget":32,"minecraft:cooked_mutton":6,"alexsmobs:cooked_catfish":15,"minecraft:water_bucket":32,"minecraft:red_nether_bricks":6,"minecraft:cauldron":1,"minecraft:brown_mushroom":1,"luminousworld:ishstone":2,"minecraft:cracked_stone_bricks":1,"alexscaves:primitive_club":33,"minecraft:crafting_table":8,"minecraft:diamond_pickaxe":72,"mowziesmobs:wrought_axe":802,"tombstone:bag_of_seeds":1,"minecraft:oak_log":5,"minecraft:apple":3,"minecraft:mud":47,"minecraft:iron_pickaxe":483,"minecraft:diamond_shovel":2084,"iceandfire:dragon_horn":1,"earthmobsmod:mud_bucket":4,"tombstone:magic_scroll":1,"earthmobsmod:teacup_pig_pot":1,"minecraft:cobblestone":96,"minecraft:bucket":39,"quark:oak_chest":5,"minecraft:pumpkin_pie":16,"minecraft:yellow_bed":2,"alexsmobs:animal_dictionary":1,"alexscaves:flytrap":2,"alexscaves:cooked_dinosaur_chop":3},"minecraft:killed_by":{"undead_revamp2:the_moonflower":1,"born_in_chaos_v1:diamond_termite":1,"undead_revamp2:bomber":1,"mowziesmobs:ferrous_wroughtnaut":2,"undead_revamp2:therod":1,"iceandfire:lightning_dragon":1},"minecraft:picked_up":{"quark:diamond_heart":1,"alexscaves:thin_bone":2,"born_in_chaos_v1:charmof_stealth":1,"minecraft:iron_chestplate":1,"alexscaves:tough_hide":4,"minecraft:chainmail_boots":3,"minecraft:anvil":1,"minecraft:flower_pot":2,"artifacts:umbrella":1,"alexscaves:cave_tablet":6,"alexscaves:trilocaris_tail":2,"minecraft:enchanted_book":3,"iceandfire:myrmex_jungle_chitin":12,"born_in_chaos_v1:black_argillite":7,"minecraft:string":11,"minecraft:red_nether_bricks":12,"minecraft:diamond_leggings":1,"minecraft:cobbled_deepslate":3,"earthmobsmod:duck_egg":1,"minecraft:bucket":1,"minecraft:iron_pickaxe":1,"minecraft:coal_block":5,"alexscaves:flytrap":2,"minecraft:furnace":5,"minecraft:stick":21,"minecraft:oak_fence":1,"minecraft:torch":19,"minecraft:acacia_log":2,"iceandfire:dragonscales_white":13,"alexscaves:heavy_bone":5,"minecraft:porkchop":2,"iceandfire:lightning_dragon_flesh":41,"iceandfire:crackled_gravel":1,"tombstone:grave_dust":13,"minecraft:diorite":8,"born_in_chaos_v1:nightmare_claw":1,"minecraft:cauldron":1,"minecraft:rabbit_foot":1,"quark:ancient_tome":2,"undead_revamp2:cloogerribs":43,"artifacts:lucky_scarf":1,"minecraft:rotten_flesh":146,"ecologics:coconut_log":1,"minecraft:iron_block":1,"minecraft:carved_pumpkin":1,"supplementaries:ash":13,"artifacts:panic_necklace":1,"minecraft:obsidian":4,"undead_revamp2:arapholia":6,"minecraft:iron_bars":3,"minecraft:snowball":8,"minecraft:cobblestone":392,"minecraft:feather":6,"minecraft:andesite":1,"minecraft:jungle_log":2,"artifacts:thorn_pendant":1,"minecraft:potato":1,"minecraft:flint":1,"born_in_chaos_v1:black_argillite_button":1,"undead_revamp2:huntereye":1,"minecraft:lapis_lazuli":34,"minecraft:mangrove_slab":1,"minecraft:dirt":1853,"artifacts:flippers":1,"minecraft:lantern":7,"artifacts:shock_pendant":1,"born_in_chaos_v1:monster_skin":10,"minecraft:bone":41,"undead_revamp2:blacpetalblock":1,"iceandfire:myrmex_jungle_resin":14,"minecraft:bow":1,"minecraft:wheat_seeds":15,"minecraft:orange_tulip":1,"minecraft:bell":1,"luminousworld:elephant_grass":1,"minecraft:diamond_helmet":1,"minecraft:moss_block":2,"minecraft:oak_planks":14,"endrem:lost_eye":1,"artifacts:rooted_boots":1,"naturalist:cattail_fluff":7,"minecraft:oak_pressure_plate":1,"alexscaves:amber_curiosity":1,"torchmaster:megatorch":1,"minecraft:sand":9,"iceandfire:lightning_dragon_heart":5,"minecraft:loom":5,"iceandfire:myrmex_stinger":1,"iceandfire:dragon_bone_block":1,"minecraft:bundle":4,"born_in_chaos_v1:fire_dust":4,"artifacts:golden_hook":1,"minecraft:diamond":52,"iceandfire:crackled_stone":1,"iceandfire:dragon_ice":3,"iceandfire:dragonegg_blue":1,"minecraft:granite":7,"minecraft:bone_meal":2,"minecraft:bread":22,"minecraft:emerald":2,"minecraft:chainmail_helmet":4,"iceandfire:gorgon_head":1,"born_in_chaos_v1:rotten_fish":3,"iceandfire:tide_trident":2,"minecraft:oak_sapling":25,"iceandfire:silver_nugget":106,"minecraft:coarse_dirt":10,"born_in_chaos_v1:diamond_termite_shard":9,"iceandfire:dragon_skull_lightning":7,"minecraft:mud":114,"luminousworld:groundpebbles_1":5,"minecraft:crafting_table":5,"minecraft:brown_mushroom":10,"ecologics:seashell":1,"luminousworld:trout":1,"luminousworld:bao_bob_wood":1,"minecraft:gold_block":4,"minecraft:moss_carpet":1,"minecraft:iron_axe":2,"minecraft:flint_and_steel":2,"luminousworld:sunny":1,"minecraft:item_frame":2,"alexscaves:dinosaur_chop":12,"minecraft:cracked_stone_bricks":2,"minecraft:beef":13,"naturalist:catfish":6,"minecraft:sugar_cane":44,"iceandfire:dragonscales_electric":108,"minecraft:egg":2,"minecraft:phantom_membrane":1,"iceandfire:ice_dragon_heart":4,"minecraft:raw_iron":40,"iceandfire:dragonbone":200,"ecologics:coconut_slice":8,"alexscaves:cycad":8,"minecraft:copper_ingot":2,"iceandfire:deathworm_chitin_red":3,"minecraft:note_block":9,"alexscaves:fern_thatch":2,"artifacts:vampiric_glove":1,"minecraft:stone_button":1,"iceandfire:dragonegg_copper":1,"born_in_chaos_v1:pieceofdarkmetal":21,"minecraft:carrot":1,"born_in_chaos_v1:charmof_endurance":1,"minecraft:stone_pressure_plate":1,"minecraft:dark_oak_planks":2,"iceandfire:dragon_skull_ice":4,"artifacts:snorkel":1,"minecraft:arrow":8,"minecraft:diamond_chestplate":1,"minecraft:beetroot_seeds":3,"minecraft:diamond_boots":1,"iceandfire:dragonscales_silver":14,"mowziesmobs:ice_crystal":1,"alexscaves:spelunkery_table":1,"born_in_chaos_v1:spiny_shell":3,"minecraft:bone_block":15,"born_in_chaos_v1:corpse_maggot":7,"born_in_chaos_v1:monster_flesh":7,"iceandfire:sea_serpent_fang":12,"minecraft:salmon":1,"luminousworld:ishstone":3,"minecraft:leather":71,"alexsmobs:acacia_blossom":1,"alexscaves:limestone":11,"minecraft:oak_log":296,"minecraft:chainmail_chestplate":1,"minecraft:lily_pad":59,"naturalist:duckweed":3,"minecraft:yellow_bed":2,"minecraft:gunpowder":1,"mowziesmobs:wrought_axe":2,"alexscaves:ambersol":5,"iceandfire:dragonscales_blue":130,"quark:limestone":48,"tombstone:gift":4,"alexscaves:amber":40,"naturalist:bass":14,"minecraft:cooked_mutton":9,"minecraft:apple":4,"minecraft:stone_bricks":1,"minecraft:rabbit_hide":3,"minecraft:iron_ingot":11,"alexscaves:curly_fern":8,"minecraft:iron_sword":1,"minecraft:acacia_sapling":4,"minecraft:green_dye":4,"minecraft:book":78,"minecraft:oak_slab":1,"artifacts:obsidian_skull":1,"iceandfire:copper_nugget":86,"luminousworld:clovers_1":1,"minecraft:pumpkin":19,"iceandfire:sea_serpent_scales_green":4,"born_in_chaos_v1:orbofthe_summoner":1,"born_in_chaos_v1:ethereal_spirit":3,"minecraft:gravel":9,"luminousworld:sunset_petunias":3,"alexscaves:tree_star":6,"born_in_chaos_v1:dark_rod":1,"minecraft:amethyst_shard":11,"mowziesmobs:wrought_helmet":2,"minecraft:blast_furnace":1,"born_in_chaos_v1:fangofthe_hound_leader":3,"artifacts:scarf_of_invisibility":1,"quark:oak_chest":1,"minecraft:spider_eye":4,"iceandfire:dragonscales_copper":87,"undead_revamp2:rawbostrox":1,"alexsmobs:raw_catfish":15,"minecraft:slime_ball":22,"alexscaves:subterranodon_egg":1,"iceandfire:silver_sword":3,"minecraft:chainmail_leggings":1,"iceandfire:ice_dragon_flesh":37,"minecraft:red_nether_brick_slab":1,"tombstone:magic_scroll":4,"minecraft:coal":177,"alexscaves:ancient_sapling":2},"minecraft:mined":{"minecraft:red_nether_brick_slab":3,"minecraft:stone_pressure_plate":1,"minecraft:red_nether_bricks":9,"minecraft:obsidian":4,"alexscaves:limestone":11,"minecraft:carved_pumpkin":1,"minecraft:granite":5,"minecraft:grass_block":1517,"minecraft:acacia_log":2,"luminousworld:bao_bob_wood":1,"alexscaves:pewen_branch":3,"minecraft:coal_block":5,"minecraft:spawner":1,"luminousworld:savanna_grass_2":5,"iceandfire:crackled_cobblestone":2,"minecraft:tall_seagrass":3,"minecraft:iron_ore":25,"minecraft:fire":10,"born_in_chaos_v1:black_argillite_brick_stairs":2,"minecraft:pumpkin":12,"minecraft:anvil":1,"minecraft:deepslate_lapis_ore":1,"minecraft:stripped_dark_oak_wood":6,"minecraft:water_cauldron":1,"minecraft:dirt_path":1,"minecraft:iron_bars":3,"quark:limestone":56,"alexscaves:ambersol":5,"minecraft:iron_block":1,"minecraft:potted_orange_tulip":1,"alexscaves:fern_thatch":2,"minecraft:brown_mushroom":1,"alexscaves:amber":42,"luminousworld:birchtreemushrooms":1,"minecraft:torch":3,"iceandfire:dragon_ice_spikes":1,"born_in_chaos_v1:infected_deepslate_diamond_ore":4,"minecraft:note_block":9,"alexscaves:ancient_leaves":3,"minecraft:blast_furnace":1,"alexscaves:thin_bone":1,"minecraft:dead_bush":2,"minecraft:cobblestone":18,"minecraft:oak_planks":12,"minecraft:sugar_cane":17,"minecraft:wall_torch":4,"minecraft:seagrass":14,"iceandfire:crackled_stone":2,"ecologics:seashell":1,"minecraft:mud":127,"minecraft:grass":36,"minecraft:oak_log":284,"minecraft:loom":5,"minecraft:sand":6,"minecraft:dirt":470,"luminousworld:grassvariant_3":1,"luminousworld:savannah_grass_4":2,"minecraft:deepslate":2,"minecraft:oak_leaves":25,"naturalist:cattail":3,"alexscaves:spelunkery_table":1,"minecraft:diamond_ore":3,"minecraft:deepslate_diamond_ore":17,"born_in_chaos_v1:infected_diamond_ore":1,"torchmaster:megatorch":1,"iceandfire:frozen_stone":2,"alexscaves:pewen_log":5,"born_in_chaos_v1:black_argillite":7,"ecologics:coconut_log":1,"minecraft:spruce_leaves":5,"minecraft:moss_block":1,"minecraft:large_fern":2,"alexscaves:subterranodon_egg":1,"minecraft:furnace":5,"minecraft:andesite":1,"luminousworld:mossbuds_3":1,"iceandfire:dragon_bone_block":1,"minecraft:gold_block":2,"minecraft:bookshelf":26,"minecraft:deepslate_iron_ore":7,"minecraft:vine":11,"minecraft:stripped_oak_log":2,"alexscaves:curly_fern":8,"minecraft:stone":368,"minecraft:oak_slab":1,"minecraft:acacia_leaves":3,"quark:oak_chest":1,"alexscaves:cooked_dinosaur_chop":1,"minecraft:crafting_table":5,"alexscaves:flytrap":1,"luminousworld:savannah_grass_1":6,"alexscaves:ancient_sapling":1,"alexscaves:tree_star":5,"minecraft:copper_ore":1,"minecraft:tall_grass":4,"born_in_chaos_v1:chipped_black_argillite_brick":1,"minecraft:lapis_ore":1,"minecraft:lily_pad":62,"minecraft:diorite":8,"supplementaries:urn":4,"minecraft:coarse_dirt":9,"placeablesmod:cooked_mutton_block":1,"naturalist:duckweed":109,"minecraft:ice":23,"minecraft:yellow_bed":2,"ecologics:hanging_coconut":1,"minecraft:mangrove_slab":12,"luminousworld:clovers_5":1,"minecraft:coal_ore":10,"luminousworld:ishstone":2,"alexscaves:cycad":3,"minecraft:flower_pot":1,"minecraft:gravel":4,"minecraft:cobweb":2,"minecraft:cracked_stone_bricks":4,"minecraft:stone_bricks":3,"minecraft:fern":7,"undead_revamp2:arapholia":1},"minecraft:broken":{"minecraft:stone_pickaxe":1,"minecraft:wooden_axe":1,"aether:iron_gloves":1,"minecraft:shield":1,"minecraft:golden_axe":2,"minecraft:iron_pickaxe":1},"minecraft:crafted":{"naturalist:cooked_catfish":4,"minecraft:grindstone":1,"iceandfire:armor_electric_chestplate":1,"minecraft:oak_planks":264,"minecraft:stone":82,"minecraft:diamond_shovel":2,"minecraft:bookshelf":21,"naturalist:cooked_bass":14,"iceandfire:dragonforge_lightning_input":1,"minecraft:glass":3,"tombstone:grave_key":1,"iceandfire:dragonscale_copper":9,"alexscaves:primitive_club":1,"alexsmobs:cooked_catfish":15,"minecraft:stone_bricks":76,"torchmaster:megatorch":1,"minecraft:glass_bottle":3,"minecraft:crafting_table":4,"iceandfire:blindfold":1,"minecraft:wooden_pickaxe":1,"iceandfire:armor_white_boots":1,"iceandfire:dragonsteel_lightning_sword":1,"iceandfire:ash":2,"minecraft:paper":24,"minecraft:diamond_pickaxe":1,"minecraft:charcoal":2,"minecraft:shield":1,"minecraft:stone_slab":6,"minecraft:stick":44,"quark:oak_chest":4,"minecraft:iron_ingot":53,"minecraft:iron_pickaxe":1,"minecraft:gold_ingot":22,"iceandfire:dragon_horn":1,"naturalist:cooked_egg":2,"minecraft:coal":45,"ecologics:coconut_planks":4,"iceandfire:dragonscale_electric":11,"alexscaves:dinosaur_nugget":36,"iceandfire:dragon_stick":1,"minecraft:furnace":2,"minecraft:bone_meal":18,"hangglider:glider_wing":1,"alexscaves:cave_map":1,"minecraft:iron_axe":1,"minecraft:stone_pickaxe":1,"iceandfire:dragon_bone_block":17,"minecraft:cooked_beef":12,"minecraft:sugar":1,"alexscaves:cooked_dinosaur_chop":6,"minecraft:enchanting_table":1,"iceandfire:tide_trident":1,"iceandfire:dragonsteel_lightning_ingot":3,"minecraft:air":0,"iceandfire:armor_white_leggings":1,"iceandfire:dragonforge_lightning_brick":16,"minecraft:wooden_axe":1,"minecraft:anvil":1,"iceandfire:dragonforge_lightning_core_disabled":1,"minecraft:acacia_planks":8,"minecraft:torch":28,"luminousworld:baobab_plank":4}},"DataVersion":3465}