{"stats":{"minecraft:killed":{"minecraft:cave_spider":2,"minecraft:witch":1,"earthmobsmod:jumbo_rabbit":1,"born_in_chaos_v1:restless_spirit":1,"born_in_chaos_v1:zombie_lumberjack":3,"iceandfire:gorgon":1,"minecraft:spider":8,"enemyexpansion:equestrian":3,"luminousworld:frost_bitten_skeleton":1,"undead_revamp2:thesmoker":2,"mowziesmobs:frostmaw":1,"alexsmobs:alligator_snapping_turtle":1,"minecraft:skeleton":6,"minecraft:bee":1,"artifacts:mimic":4,"born_in_chaos_v1:diamond_termite":7,"minecraft:zombie_villager":4,"earthmobsmod:lobber_zombie":2,"undead_revamp2:theheavy":1,"luminousworld:trout_fish":1,"born_in_chaos_v1:zombie_fisherman":3,"luminousworld:savannah_skeleton":1,"minecraft:zombie":12,"born_in_chaos_v1:dread_hound":6,"born_in_chaos_v1:corpse_fly":11,"enemyexpansion:botfly":9,"undead_revamp2:theskeeper":1,"iceandfire:lightning_dragon":1,"born_in_chaos_v1:door_knight":1,"iceandfire:sea_serpent":1,"minecraft:cow":3,"alexscaves:vallumraptor":11,"enemyexpansion:trollenraged":1,"alexscaves:tremorsaurus":1,"born_in_chaos_v1:missioner":1,"luminousworld:sunken_skeleton":1,"quark:toretoise":1,"undead_revamp2:bomber":1,"minecraft:slime":14,"enemyexpansion:direwolf":3,"born_in_chaos_v1:zombie_bruiser":5,"minecraft:phantom":1,"born_in_chaos_v1:maggot":11,"born_in_chaos_v1:dire_hound_leader":1,"mowziesmobs:ferrous_wroughtnaut":2,"luminousworld:swamp_skeleton":6,"naturalist:bass":5,"luminousworld:sunny_fish":1,"luminousworld:monarch":1,"born_in_chaos_v1:corpse_fish":5,"undead_revamp2:thehorrors":1,"luminousworld:savannah_zombie":5,"earthmobsmod:albino_cow":2,"minecraft:husk":2,"born_in_chaos_v1:baby_skeleton":3,"iceandfire:cyclops":1,"undead_revamp2:the_moonflower":25,"enemyexpansion:sprinter":2,"born_in_chaos_v1:decrepit_skeleton":4,"alexsmobs:catfish":8,"undead_revamp2:thesomnolence":1,"naturalist:catfish":6,"luminousworld:swamp_zombie":3,"iceandfire:ghost":3,"alexscaves:subterranodon":1,"born_in_chaos_v1:dark_vortex":1,"born_in_chaos_v1:nightmare_stalker":1,"iceandfire:ice_dragon":2,"alexscaves:grottoceratops":1},"minecraft:custom":{"minecraft:interact_with_crafting_table":35,"minecraft:open_barrel":40,"minecraft:eat_cake_slice":10,"minecraft:leave_game":10,"minecraft:time_since_death":110841,"minecraft:sprint_one_cm":924625,"minecraft:damage_blocked_by_shield":270,"minecraft:drop":186,"minecraft:play_noteblock":10,"minecraft:play_time":537750,"minecraft:deaths":8,"minecraft:interact_with_brewingstand":2,"minecraft:jump":7015,"minecraft:walk_on_water_one_cm":143192,"minecraft:enchant_item":5,"minecraft:interact_with_furnace":58,"minecraft:interact_with_loom":11,"minecraft:sleep_in_bed":13,"minecraft:damage_dealt":79872,"minecraft:crouch_one_cm":47690,"tombstone:undead_killed":102,"minecraft:interact_with_smoker":1,"minecraft:interact_with_anvil":7,"minecraft:mob_kills":253,"minecraft:damage_dealt_resisted":2258,"minecraft:climb_one_cm":16379,"minecraft:walk_one_cm":1221158,"minecraft:sneak_time":28621,"minecraft:walk_under_water_one_cm":132774,"minecraft:interact_with_lectern":1,"minecraft:interact_with_blast_furnace":9,"minecraft:total_world_time":537750,"tombstone:raider_killed":2,"minecraft:tune_noteblock":13,"minecraft:interact_with_grindstone":3,"minecraft:time_since_rest":22770,"minecraft:damage_absorbed":40,"minecraft:damage_taken":10473,"minecraft:trigger_trapped_chest":3,"minecraft:swim_one_cm":124527,"minecraft:fly_one_cm":4196720,"minecraft:open_chest":148,"minecraft:fall_one_cm":164922},"minecraft:dropped":{"minecraft:iron_sword":1,"minecraft:brown_mushroom":4,"minecraft:porkchop":1,"minecraft:oak_log":15,"minecraft:golden_pickaxe":1,"alexscaves:curly_fern":1,"ecologics:coconut_slice":8,"minecraft:orange_tulip":1,"iceandfire:ice_dragon_flesh":1,"minecraft:leather":1,"quark:limestone":48,"born_in_chaos_v1:pieceofdarkmetal":11,"minecraft:emerald":2,"born_in_chaos_v1:monster_flesh":4,"minecraft:dirt":20,"luminousworld:sunny":1,"luminousworld:trout":1,"minecraft:bone_meal":9,"minecraft:sand":3,"minecraft:sugar":1,"minecraft:iron_pickaxe":1,"alexscaves:cycad":1,"naturalist:cooked_egg":1,"minecraft:bone":21,"luminousworld:clovers_1":1,"minecraft:gravel":2,"minecraft:cobbled_deepslate":3,"alexscaves:cave_tablet":6,"hangglider:glider_wing":1,"minecraft:wheat":8,"tombstone:gift":2,"undead_revamp2:arapholia":5,"minecraft:rotten_flesh":81,"minecraft:oak_planks":2,"alexscaves:thin_bone":2,"minecraft:salmon":1,"minecraft:rabbit_foot":1,"minecraft:rabbit_hide":3,"supplementaries:flax_seeds":1,"supplementaries:ash":1,"alexscaves:fern_thatch":2,"minecraft:gunpowder":1,"minecraft:beetroot_seeds":3,"born_in_chaos_v1:corpse_maggot":4,"minecraft:acacia_sapling":4,"minecraft:chainmail_boots":3,"born_in_chaos_v1:diamond_termite_shard":2,"minecraft:red_nether_bricks":6,"minecraft:arrow":8,"luminousworld:beastiary":1,"minecraft:bread":16,"minecraft:enchanted_book":1,"minecraft:oak_slab":1,"luminousworld:sunset_petunias":3,"minecraft:wheat_seeds":7,"luminousworld:ishstone":1,"minecraft:cobblestone":21,"minecraft:granite":1,"iceandfire:lightning_dragon_flesh":1,"naturalist:duckweed":3,"minecraft:chainmail_helmet":4,"minecraft:stick":22,"minecraft:diorite":8,"iceandfire:copper_nugget":2,"naturalist:catfish":2,"tombstone:grave_dust":2,"iceandfire:ice_dragon_heart":1,"minecraft:pumpkin":8,"minecraft:iron_axe":2,"minecraft:mud":11,"minecraft:chainmail_leggings":2,"minecraft:string":6,"minecraft:lily_pad":29,"tombstone:voodoo_poppet":1,"iceandfire:dragonbone":11,"iceandfire:silver_nugget":66,"alexsmobs:acacia_blossom":1,"iceandfire:dragon_skull_ice":2,"naturalist:cattail_fluff":7,"minecraft:pumpkin_seeds":2,"minecraft:filled_map":1,"iceandfire:dragon_ice":3,"aether:iron_gloves":1,"minecraft:iron_chestplate":1,"luminousworld:groundpebbles_1":2,"iceandfire:silver_ingot":1,"minecraft:oak_sapling":3,"minecraft:stone_pressure_plate":1,"minecraft:spider_eye":3,"minecraft:slime_ball":2,"luminousworld:elephant_grass":1,"minecraft:bow":1,"minecraft:wooden_pickaxe":1,"minecraft:bell":1,"ecologics:seashell":1,"iceandfire:dragon_skull_lightning":2},"minecraft:used":{"iceandfire:tide_trident":180,"naturalist:cooked_catfish":4,"minecraft:shield":5,"alexsmobs:medium_catfish_bucket":1,"minecraft:rotten_flesh":3,"minecraft:iron_chestplate":1,"alexscaves:ambersol":5,"naturalist:cooked_bass":14,"minecraft:mangrove_slab":1,"minecraft:furnace":5,"naturalist:cooked_egg":1,"minecraft:stone_pickaxe":133,"minecraft:oak_planks":94,"minecraft:sugar_cane":19,"minecraft:wooden_pickaxe":23,"luminousworld:groundpebbles_1":3,"minecraft:golden_apple":1,"minecraft:sand":3,"minecraft:loom":5,"minecraft:note_block":9,"sophisticatedbackpacks:backpack":1,"born_in_chaos_v1:monster_flesh":1,"minecraft:bread":30,"tombstone:grave_key":1,"iceandfire:ice_dragon_flesh":7,"minecraft:gravel":2,"alexscaves:cycad":1,"minecraft:grindstone":1,"minecraft:andesite":1,"minecraft:coarse_dirt":9,"minecraft:bone_meal":10,"minecraft:experience_bottle":376,"iceandfire:silver_sword":345,"minecraft:enchanting_table":1,"minecraft:flint_and_steel":8,"born_in_chaos_v1:black_argillite":7,"endrem:lost_eye":1,"minecraft:torch":49,"minecraft:dirt":1641,"minecraft:anvil":2,"alexscaves:ancient_sapling":2,"alexscaves:limestone":11,"minecraft:granite":6,"minecraft:wooden_axe":39,"minecraft:bookshelf":21,"minecraft:iron_block":1,"minecraft:iron_axe":184,"alexscaves:spelunkery_table":1,"tombstone:gift":10,"torchmaster:megatorch":2,"undead_revamp2:arapholia":1,"minecraft:cooked_beef":12,"minecraft:golden_axe":48,"alexscaves:dinosaur_nugget":16,"minecraft:cooked_mutton":6,"alexsmobs:cooked_catfish":15,"minecraft:water_bucket":32,"minecraft:red_nether_bricks":6,"minecraft:brown_mushroom":1,"minecraft:cauldron":1,"luminousworld:ishstone":2,"minecraft:cracked_stone_bricks":1,"alexscaves:primitive_club":33,"minecraft:crafting_table":7,"mowziesmobs:wrought_axe":644,"tombstone:bag_of_seeds":1,"minecraft:oak_log":5,"minecraft:diamond_pickaxe":49,"minecraft:mud":47,"minecraft:apple":3,"minecraft:diamond_shovel":2084,"earthmobsmod:mud_bucket":4,"minecraft:iron_pickaxe":477,"tombstone:magic_scroll":1,"earthmobsmod:teacup_pig_pot":1,"minecraft:cobblestone":58,"minecraft:bucket":39,"quark:oak_chest":5,"minecraft:pumpkin_pie":16,"minecraft:yellow_bed":2,"alexsmobs:animal_dictionary":1,"alexscaves:cooked_dinosaur_chop":3},"minecraft:killed_by":{"undead_revamp2:the_moonflower":1,"born_in_chaos_v1:diamond_termite":1,"undead_revamp2:bomber":1,"mowziesmobs:ferrous_wroughtnaut":2,"undead_revamp2:therod":1,"iceandfire:lightning_dragon":1},"minecraft:picked_up":{"alexscaves:thin_bone":2,"born_in_chaos_v1:charmof_stealth":1,"minecraft:iron_chestplate":1,"alexscaves:tough_hide":3,"minecraft:chainmail_boots":3,"minecraft:flower_pot":2,"minecraft:anvil":1,"alexscaves:cave_tablet":6,"minecraft:enchanted_book":3,"born_in_chaos_v1:black_argillite":7,"minecraft:string":9,"minecraft:red_nether_bricks":12,"minecraft:cobbled_deepslate":3,"earthmobsmod:duck_egg":1,"minecraft:bucket":1,"minecraft:iron_pickaxe":1,"minecraft:coal_block":5,"alexscaves:flytrap":2,"minecraft:furnace":5,"minecraft:stick":21,"minecraft:oak_fence":1,"minecraft:torch":10,"minecraft:acacia_log":2,"iceandfire:dragonscales_white":13,"alexscaves:heavy_bone":2,"minecraft:porkchop":2,"iceandfire:lightning_dragon_flesh":1,"tombstone:grave_dust":12,"minecraft:diorite":8,"born_in_chaos_v1:nightmare_claw":1,"minecraft:cauldron":1,"minecraft:rabbit_foot":1,"artifacts:lucky_scarf":1,"minecraft:rotten_flesh":93,"ecologics:coconut_log":1,"minecraft:iron_block":1,"supplementaries:ash":13,"minecraft:obsidian":4,"minecraft:iron_bars":3,"undead_revamp2:arapholia":6,"minecraft:snowball":8,"minecraft:cobblestone":386,"minecraft:andesite":1,"minecraft:jungle_log":2,"artifacts:thorn_pendant":1,"minecraft:potato":1,"minecraft:lapis_lazuli":34,"minecraft:mangrove_slab":1,"minecraft:dirt":1853,"minecraft:lantern":7,"born_in_chaos_v1:monster_skin":10,"minecraft:bone":17,"undead_revamp2:blacpetalblock":1,"minecraft:bow":1,"minecraft:wheat_seeds":13,"minecraft:orange_tulip":1,"minecraft:bell":1,"luminousworld:elephant_grass":1,"minecraft:moss_block":2,"minecraft:oak_planks":14,"endrem:lost_eye":1,"artifacts:rooted_boots":1,"naturalist:cattail_fluff":7,"minecraft:oak_pressure_plate":1,"alexscaves:amber_curiosity":1,"torchmaster:megatorch":1,"minecraft:sand":6,"minecraft:loom":5,"iceandfire:lightning_dragon_heart":1,"minecraft:bundle":4,"artifacts:golden_hook":1,"minecraft:diamond":14,"iceandfire:dragon_ice":3,"minecraft:granite":7,"minecraft:bone_meal":2,"minecraft:chainmail_helmet":4,"minecraft:emerald":2,"minecraft:bread":20,"iceandfire:gorgon_head":1,"iceandfire:tide_trident":1,"minecraft:oak_sapling":25,"born_in_chaos_v1:rotten_fish":3,"iceandfire:silver_nugget":66,"luminousworld:groundpebbles_1":5,"born_in_chaos_v1:diamond_termite_shard":9,"iceandfire:dragon_skull_lightning":3,"minecraft:mud":114,"minecraft:coarse_dirt":9,"minecraft:crafting_table":5,"minecraft:brown_mushroom":7,"ecologics:seashell":1,"luminousworld:bao_bob_wood":1,"luminousworld:trout":1,"minecraft:gold_block":4,"minecraft:moss_carpet":1,"minecraft:iron_axe":2,"minecraft:flint_and_steel":2,"luminousworld:sunny":1,"minecraft:item_frame":2,"alexscaves:dinosaur_chop":8,"minecraft:cracked_stone_bricks":1,"minecraft:beef":12,"naturalist:catfish":6,"minecraft:sugar_cane":44,"iceandfire:dragonscales_electric":14,"minecraft:phantom_membrane":1,"iceandfire:ice_dragon_heart":2,"minecraft:egg":2,"minecraft:raw_iron":40,"iceandfire:dragonbone":45,"alexscaves:cycad":8,"ecologics:coconut_slice":8,"minecraft:note_block":9,"alexscaves:fern_thatch":2,"minecraft:stone_button":1,"born_in_chaos_v1:pieceofdarkmetal":21,"born_in_chaos_v1:charmof_endurance":1,"minecraft:stone_pressure_plate":1,"minecraft:dark_oak_planks":2,"iceandfire:dragon_skull_ice":2,"minecraft:arrow":8,"minecraft:beetroot_seeds":3,"iceandfire:dragonscales_silver":14,"alexscaves:spelunkery_table":1,"mowziesmobs:ice_crystal":1,"minecraft:bone_block":15,"born_in_chaos_v1:corpse_maggot":7,"iceandfire:sea_serpent_fang":12,"born_in_chaos_v1:monster_flesh":7,"minecraft:salmon":1,"luminousworld:ishstone":3,"minecraft:leather":5,"alexsmobs:acacia_blossom":1,"alexscaves:limestone":11,"minecraft:oak_log":296,"minecraft:chainmail_chestplate":1,"minecraft:lily_pad":59,"minecraft:yellow_bed":2,"minecraft:gunpowder":1,"mowziesmobs:wrought_axe":2,"naturalist:duckweed":3,"alexscaves:ambersol":5,"quark:limestone":48,"tombstone:gift":4,"alexscaves:amber":40,"minecraft:cooked_mutton":9,"naturalist:bass":14,"minecraft:apple":3,"minecraft:rabbit_hide":3,"minecraft:iron_ingot":5,"alexscaves:curly_fern":8,"minecraft:iron_sword":1,"minecraft:acacia_sapling":4,"minecraft:book":78,"minecraft:oak_slab":1,"iceandfire:copper_nugget":2,"luminousworld:clovers_1":1,"minecraft:pumpkin":19,"iceandfire:sea_serpent_scales_green":4,"born_in_chaos_v1:orbofthe_summoner":1,"born_in_chaos_v1:ethereal_spirit":3,"luminousworld:sunset_petunias":3,"minecraft:gravel":4,"alexscaves:tree_star":6,"born_in_chaos_v1:dark_rod":1,"mowziesmobs:wrought_helmet":2,"born_in_chaos_v1:fangofthe_hound_leader":3,"minecraft:blast_furnace":1,"quark:oak_chest":1,"minecraft:spider_eye":4,"alexsmobs:raw_catfish":15,"minecraft:slime_ball":5,"alexscaves:subterranodon_egg":1,"iceandfire:silver_sword":3,"minecraft:chainmail_leggings":1,"iceandfire:ice_dragon_flesh":8,"minecraft:red_nether_brick_slab":1,"tombstone:magic_scroll":3,"minecraft:coal":177,"alexscaves:ancient_sapling":2},"minecraft:mined":{"undead_revamp2:arapholia":1,"minecraft:red_nether_brick_slab":3,"minecraft:stone_pressure_plate":1,"minecraft:red_nether_bricks":9,"minecraft:obsidian":4,"alexscaves:limestone":11,"minecraft:granite":5,"minecraft:grass_block":1517,"minecraft:acacia_log":2,"luminousworld:bao_bob_wood":1,"alexscaves:pewen_branch":3,"minecraft:coal_block":5,"luminousworld:savanna_grass_2":5,"minecraft:spawner":1,"minecraft:tall_seagrass":3,"minecraft:iron_ore":25,"minecraft:fire":10,"minecraft:pumpkin":12,"minecraft:anvil":1,"minecraft:deepslate_lapis_ore":1,"minecraft:stripped_dark_oak_wood":6,"minecraft:water_cauldron":1,"minecraft:dirt_path":1,"minecraft:iron_bars":3,"quark:limestone":56,"alexscaves:ambersol":5,"minecraft:iron_block":1,"minecraft:potted_orange_tulip":1,"alexscaves:fern_thatch":2,"minecraft:brown_mushroom":1,"alexscaves:amber":42,"minecraft:torch":3,"born_in_chaos_v1:infected_deepslate_diamond_ore":4,"minecraft:note_block":9,"alexscaves:ancient_leaves":3,"minecraft:blast_furnace":1,"alexscaves:thin_bone":1,"minecraft:dead_bush":2,"minecraft:cobblestone":17,"minecraft:oak_planks":12,"minecraft:sugar_cane":17,"minecraft:wall_torch":4,"minecraft:seagrass":14,"ecologics:seashell":1,"minecraft:mud":127,"minecraft:grass":30,"minecraft:oak_log":284,"minecraft:loom":5,"minecraft:sand":3,"minecraft:dirt":470,"luminousworld:grassvariant_3":1,"luminousworld:savannah_grass_4":2,"minecraft:deepslate":2,"minecraft:oak_leaves":25,"naturalist:cattail":3,"alexscaves:spelunkery_table":1,"minecraft:deepslate_diamond_ore":9,"born_in_chaos_v1:infected_diamond_ore":1,"torchmaster:megatorch":1,"alexscaves:pewen_log":5,"born_in_chaos_v1:black_argillite":7,"ecologics:coconut_log":1,"minecraft:spruce_leaves":5,"minecraft:moss_block":1,"minecraft:large_fern":2,"alexscaves:subterranodon_egg":1,"minecraft:furnace":5,"minecraft:andesite":1,"luminousworld:mossbuds_3":1,"minecraft:gold_block":2,"minecraft:bookshelf":26,"minecraft:deepslate_iron_ore":7,"minecraft:vine":11,"minecraft:stripped_oak_log":2,"alexscaves:curly_fern":8,"minecraft:stone":368,"minecraft:oak_slab":1,"minecraft:acacia_leaves":3,"quark:oak_chest":1,"alexscaves:cooked_dinosaur_chop":1,"minecraft:crafting_table":5,"alexscaves:flytrap":1,"luminousworld:savannah_grass_1":6,"alexscaves:ancient_sapling":1,"alexscaves:tree_star":5,"minecraft:copper_ore":1,"minecraft:tall_grass":4,"minecraft:lapis_ore":1,"minecraft:lily_pad":62,"minecraft:diorite":8,"supplementaries:urn":4,"minecraft:coarse_dirt":9,"placeablesmod:cooked_mutton_block":1,"naturalist:duckweed":109,"minecraft:ice":23,"minecraft:yellow_bed":2,"ecologics:hanging_coconut":1,"minecraft:mangrove_slab":12,"luminousworld:clovers_5":1,"minecraft:coal_ore":10,"luminousworld:ishstone":2,"alexscaves:cycad":3,"minecraft:flower_pot":1,"minecraft:gravel":4,"minecraft:cracked_stone_bricks":1,"minecraft:fern":7},"minecraft:broken":{"minecraft:stone_pickaxe":1,"minecraft:wooden_axe":1,"aether:iron_gloves":1,"minecraft:shield":1,"minecraft:golden_axe":2,"minecraft:iron_pickaxe":1},"minecraft:crafted":{"naturalist:cooked_catfish":4,"minecraft:grindstone":1,"minecraft:oak_planks":260,"iceandfire:armor_electric_chestplate":1,"minecraft:stone":3,"minecraft:diamond_shovel":2,"naturalist:cooked_bass":14,"minecraft:bookshelf":21,"tombstone:grave_key":1,"alexscaves:primitive_club":1,"alexsmobs:cooked_catfish":15,"torchmaster:megatorch":1,"minecraft:crafting_table":3,"iceandfire:blindfold":1,"minecraft:wooden_pickaxe":1,"iceandfire:armor_white_boots":1,"minecraft:paper":24,"minecraft:charcoal":2,"minecraft:diamond_pickaxe":1,"minecraft:shield":1,"minecraft:stone_slab":6,"minecraft:stick":40,"quark:oak_chest":4,"minecraft:iron_ingot":53,"minecraft:iron_pickaxe":1,"minecraft:gold_ingot":22,"naturalist:cooked_egg":2,"minecraft:coal":45,"ecologics:coconut_planks":4,"alexscaves:dinosaur_nugget":36,"minecraft:furnace":1,"minecraft:bone_meal":18,"hangglider:glider_wing":1,"alexscaves:cave_map":1,"minecraft:iron_axe":1,"minecraft:stone_pickaxe":1,"minecraft:cooked_beef":12,"minecraft:sugar":1,"alexscaves:cooked_dinosaur_chop":6,"minecraft:enchanting_table":1,"iceandfire:tide_trident":1,"minecraft:air":0,"iceandfire:armor_white_leggings":1,"minecraft:wooden_axe":1,"minecraft:anvil":1,"minecraft:acacia_planks":8,"minecraft:torch":28,"luminousworld:baobab_plank":4}},"DataVersion":3465}