{"stats":{"minecraft:picked_up":{"born_in_chaos_v1:charmof_stealth":1,"minecraft:iron_chestplate":1,"minecraft:chainmail_boots":1,"alexscaves:cave_tablet":6,"minecraft:enchanted_book":3,"born_in_chaos_v1:black_argillite":7,"minecraft:string":2,"minecraft:red_nether_bricks":12,"minecraft:cobbled_deepslate":3,"minecraft:iron_pickaxe":1,"minecraft:coal_block":5,"minecraft:furnace":5,"minecraft:stick":4,"minecraft:oak_fence":1,"minecraft:torch":10,"minecraft:acacia_log":2,"iceandfire:dragonscales_white":13,"minecraft:porkchop":2,"iceandfire:lightning_dragon_flesh":1,"tombstone:grave_dust":4,"minecraft:diorite":8,"minecraft:rabbit_foot":1,"artifacts:lucky_scarf":1,"minecraft:rotten_flesh":23,"ecologics:coconut_log":1,"minecraft:iron_block":1,"supplementaries:ash":13,"minecraft:iron_bars":3,"minecraft:snowball":8,"minecraft:cobblestone":128,"minecraft:andesite":1,"artifacts:thorn_pendant":1,"minecraft:potato":1,"minecraft:lapis_lazuli":34,"minecraft:mangrove_slab":1,"minecraft:dirt":4,"minecraft:lantern":7,"minecraft:bone":14,"minecraft:bow":1,"minecraft:wheat_seeds":3,"minecraft:bell":1,"luminousworld:elephant_grass":1,"minecraft:oak_planks":6,"endrem:lost_eye":1,"artifacts:rooted_boots":1,"minecraft:oak_pressure_plate":1,"minecraft:sand":6,"minecraft:loom":5,"iceandfire:lightning_dragon_heart":1,"minecraft:bundle":1,"minecraft:diamond":7,"artifacts:golden_hook":1,"minecraft:granite":7,"minecraft:chainmail_helmet":3,"minecraft:emerald":2,"minecraft:bread":17,"iceandfire:gorgon_head":1,"minecraft:oak_sapling":2,"luminousworld:groundpebbles_1":3,"iceandfire:dragon_skull_lightning":3,"born_in_chaos_v1:diamond_termite_shard":2,"minecraft:crafting_table":5,"ecologics:seashell":1,"minecraft:gold_block":2,"luminousworld:bao_bob_wood":1,"minecraft:iron_axe":1,"minecraft:flint_and_steel":2,"minecraft:item_frame":2,"minecraft:cracked_stone_bricks":1,"minecraft:beef":12,"iceandfire:dragonscales_electric":14,"iceandfire:ice_dragon_heart":1,"minecraft:phantom_membrane":1,"minecraft:egg":2,"minecraft:raw_iron":40,"iceandfire:dragonbone":35,"ecologics:coconut_slice":8,"minecraft:note_block":9,"minecraft:stone_button":1,"born_in_chaos_v1:pieceofdarkmetal":20,"born_in_chaos_v1:charmof_endurance":1,"minecraft:stone_pressure_plate":1,"minecraft:dark_oak_planks":2,"iceandfire:dragon_skull_ice":1,"minecraft:arrow":8,"minecraft:beetroot_seeds":3,"mowziesmobs:ice_crystal":1,"minecraft:bone_block":15,"born_in_chaos_v1:corpse_maggot":1,"iceandfire:sea_serpent_fang":12,"luminousworld:ishstone":3,"minecraft:leather":5,"alexsmobs:acacia_blossom":1,"minecraft:oak_log":25,"minecraft:yellow_bed":2,"mowziesmobs:wrought_axe":1,"tombstone:gift":3,"minecraft:cooked_mutton":9,"minecraft:rabbit_hide":3,"minecraft:iron_ingot":3,"minecraft:acacia_sapling":4,"minecraft:book":78,"minecraft:oak_slab":1,"iceandfire:copper_nugget":2,"iceandfire:sea_serpent_scales_green":4,"born_in_chaos_v1:orbofthe_summoner":1,"luminousworld:sunset_petunias":3,"minecraft:gravel":4,"mowziesmobs:wrought_helmet":1,"minecraft:blast_furnace":1,"minecraft:slime_ball":1,"iceandfire:ice_dragon_flesh":2,"minecraft:red_nether_brick_slab":1,"tombstone:magic_scroll":2,"minecraft:coal":177},"minecraft:custom":{"minecraft:interact_with_crafting_table":17,"minecraft:open_barrel":26,"minecraft:eat_cake_slice":1,"minecraft:leave_game":3,"minecraft:time_since_death":22895,"minecraft:sprint_one_cm":388202,"minecraft:damage_blocked_by_shield":270,"minecraft:drop":85,"minecraft:play_noteblock":10,"minecraft:play_time":223904,"minecraft:deaths":4,"minecraft:jump":2957,"minecraft:walk_on_water_one_cm":46662,"minecraft:interact_with_furnace":29,"minecraft:interact_with_loom":6,"minecraft:sleep_in_bed":3,"minecraft:damage_dealt":32611,"minecraft:crouch_one_cm":15084,"tombstone:undead_killed":46,"minecraft:interact_with_smoker":1,"minecraft:mob_kills":92,"minecraft:damage_dealt_resisted":827,"minecraft:climb_one_cm":7011,"minecraft:walk_one_cm":448495,"minecraft:sneak_time":12098,"minecraft:walk_under_water_one_cm":68722,"minecraft:interact_with_lectern":1,"minecraft:interact_with_blast_furnace":9,"minecraft:total_world_time":223904,"tombstone:raider_killed":2,"minecraft:tune_noteblock":13,"minecraft:time_since_rest":21870,"minecraft:damage_taken":5337,"minecraft:damage_absorbed":40,"minecraft:trigger_trapped_chest":3,"minecraft:swim_one_cm":77368,"minecraft:fly_one_cm":1932735,"minecraft:open_chest":47,"minecraft:fall_one_cm":76053},"minecraft:broken":{"minecraft:stone_pickaxe":1,"minecraft:wooden_axe":1,"aether:iron_gloves":1,"minecraft:shield":1,"minecraft:golden_axe":2},"minecraft:dropped":{"minecraft:porkchop":1,"minecraft:golden_pickaxe":1,"ecologics:coconut_slice":8,"iceandfire:ice_dragon_flesh":1,"minecraft:leather":1,"born_in_chaos_v1:pieceofdarkmetal":10,"minecraft:emerald":2,"minecraft:sand":3,"minecraft:bone":20,"naturalist:cooked_egg":1,"minecraft:gravel":2,"minecraft:cobbled_deepslate":3,"alexscaves:cave_tablet":6,"hangglider:glider_wing":1,"minecraft:wheat":8,"tombstone:gift":2,"minecraft:rotten_flesh":28,"minecraft:rabbit_foot":1,"minecraft:rabbit_hide":3,"supplementaries:flax_seeds":1,"supplementaries:ash":1,"minecraft:beetroot_seeds":3,"born_in_chaos_v1:corpse_maggot":1,"minecraft:acacia_sapling":4,"born_in_chaos_v1:diamond_termite_shard":2,"minecraft:red_nether_bricks":6,"minecraft:arrow":8,"luminousworld:beastiary":1,"minecraft:enchanted_book":1,"minecraft:bread":16,"minecraft:oak_slab":1,"luminousworld:sunset_petunias":3,"minecraft:wheat_seeds":3,"luminousworld:ishstone":1,"minecraft:cobblestone":4,"minecraft:granite":1,"iceandfire:lightning_dragon_flesh":1,"minecraft:chainmail_helmet":4,"minecraft:stick":16,"minecraft:diorite":8,"iceandfire:copper_nugget":2,"tombstone:grave_dust":2,"iceandfire:ice_dragon_heart":1,"minecraft:iron_axe":1,"tombstone:voodoo_poppet":1,"iceandfire:dragonbone":11,"alexsmobs:acacia_blossom":1,"iceandfire:dragon_skull_ice":1,"minecraft:pumpkin_seeds":2,"minecraft:filled_map":1,"aether:iron_gloves":1,"minecraft:iron_chestplate":1,"iceandfire:silver_ingot":1,"minecraft:oak_sapling":2,"minecraft:stone_pressure_plate":1,"luminousworld:elephant_grass":1,"minecraft:bow":1,"minecraft:wooden_pickaxe":1,"ecologics:seashell":1,"minecraft:bell":1,"iceandfire:dragon_skull_lightning":2},"minecraft:used":{"iceandfire:tide_trident":34,"minecraft:shield":5,"minecraft:rotten_flesh":1,"minecraft:iron_chestplate":1,"minecraft:furnace":4,"minecraft:mangrove_slab":1,"naturalist:cooked_egg":1,"minecraft:stone_pickaxe":133,"minecraft:oak_planks":50,"minecraft:wooden_pickaxe":23,"luminousworld:groundpebbles_1":3,"minecraft:golden_apple":1,"minecraft:sand":3,"minecraft:loom":5,"minecraft:note_block":9,"sophisticatedbackpacks:backpack":1,"minecraft:bread":30,"iceandfire:ice_dragon_flesh":1,"tombstone:grave_key":1,"minecraft:gravel":2,"minecraft:andesite":1,"iceandfire:silver_sword":218,"minecraft:flint_and_steel":8,"born_in_chaos_v1:black_argillite":7,"endrem:lost_eye":1,"minecraft:torch":49,"minecraft:dirt":4,"minecraft:granite":6,"minecraft:wooden_axe":39,"minecraft:iron_block":1,"minecraft:iron_axe":161,"tombstone:gift":8,"minecraft:cooked_beef":12,"minecraft:golden_axe":48,"minecraft:cooked_mutton":6,"minecraft:water_bucket":5,"minecraft:red_nether_bricks":6,"luminousworld:ishstone":2,"minecraft:cracked_stone_bricks":1,"minecraft:crafting_table":7,"mowziesmobs:wrought_axe":46,"tombstone:bag_of_seeds":1,"minecraft:iron_pickaxe":87,"tombstone:magic_scroll":1,"minecraft:cobblestone":58,"minecraft:bucket":4,"minecraft:yellow_bed":2,"minecraft:pumpkin_pie":16},"minecraft:killed":{"minecraft:cave_spider":2,"minecraft:witch":1,"earthmobsmod:jumbo_rabbit":1,"born_in_chaos_v1:zombie_lumberjack":1,"iceandfire:gorgon":1,"enemyexpansion:equestrian":3,"minecraft:spider":1,"mowziesmobs:frostmaw":1,"minecraft:skeleton":5,"artifacts:mimic":4,"born_in_chaos_v1:diamond_termite":2,"minecraft:zombie_villager":4,"earthmobsmod:lobber_zombie":2,"luminousworld:savannah_skeleton":1,"minecraft:zombie":8,"born_in_chaos_v1:corpse_fly":1,"enemyexpansion:botfly":9,"undead_revamp2:theskeeper":1,"iceandfire:lightning_dragon":1,"iceandfire:sea_serpent":1,"minecraft:cow":3,"enemyexpansion:trollenraged":1,"born_in_chaos_v1:missioner":1,"luminousworld:sunken_skeleton":1,"enemyexpansion:direwolf":3,"born_in_chaos_v1:zombie_bruiser":2,"born_in_chaos_v1:maggot":1,"minecraft:phantom":1,"mowziesmobs:ferrous_wroughtnaut":1,"luminousworld:monarch":1,"born_in_chaos_v1:corpse_fish":2,"undead_revamp2:thehorrors":1,"luminousworld:savannah_zombie":5,"earthmobsmod:albino_cow":2,"minecraft:husk":2,"iceandfire:cyclops":1,"born_in_chaos_v1:baby_skeleton":1,"enemyexpansion:sprinter":1,"born_in_chaos_v1:decrepit_skeleton":4,"undead_revamp2:thesomnolence":1,"iceandfire:ghost":3,"iceandfire:ice_dragon":1},"minecraft:killed_by":{"undead_revamp2:bomber":1,"mowziesmobs:ferrous_wroughtnaut":2,"iceandfire:lightning_dragon":1},"minecraft:mined":{"minecraft:red_nether_brick_slab":3,"minecraft:stone_pressure_plate":1,"minecraft:red_nether_bricks":9,"minecraft:granite":5,"minecraft:grass_block":2,"minecraft:acacia_log":2,"luminousworld:bao_bob_wood":1,"minecraft:coal_block":5,"luminousworld:savanna_grass_2":5,"minecraft:spawner":1,"minecraft:iron_ore":25,"minecraft:fire":6,"minecraft:deepslate_lapis_ore":1,"minecraft:stripped_dark_oak_wood":6,"minecraft:iron_bars":3,"minecraft:iron_block":1,"minecraft:note_block":9,"minecraft:torch":3,"minecraft:blast_furnace":1,"minecraft:cobblestone":17,"minecraft:oak_planks":6,"minecraft:wall_torch":4,"ecologics:seashell":1,"minecraft:oak_log":25,"minecraft:loom":5,"minecraft:sand":3,"minecraft:dirt":6,"luminousworld:grassvariant_3":1,"luminousworld:savannah_grass_4":2,"minecraft:oak_leaves":2,"minecraft:deepslate":2,"minecraft:deepslate_diamond_ore":4,"born_in_chaos_v1:infected_diamond_ore":1,"born_in_chaos_v1:black_argillite":7,"ecologics:coconut_log":1,"minecraft:large_fern":1,"minecraft:furnace":5,"minecraft:andesite":1,"minecraft:bookshelf":26,"minecraft:deepslate_iron_ore":7,"minecraft:stone":100,"minecraft:oak_slab":1,"minecraft:acacia_leaves":3,"minecraft:crafting_table":5,"luminousworld:savannah_grass_1":6,"minecraft:tall_grass":4,"minecraft:lapis_ore":1,"minecraft:diorite":8,"supplementaries:urn":4,"placeablesmod:cooked_mutton_block":1,"minecraft:yellow_bed":2,"minecraft:mangrove_slab":12,"minecraft:coal_ore":10,"luminousworld:ishstone":2,"ecologics:hanging_coconut":1,"minecraft:gravel":4,"minecraft:cracked_stone_bricks":1},"minecraft:crafted":{"minecraft:oak_planks":68,"iceandfire:armor_electric_chestplate":1,"tombstone:grave_key":1,"minecraft:crafting_table":3,"iceandfire:blindfold":1,"minecraft:wooden_pickaxe":1,"minecraft:diamond_pickaxe":1,"minecraft:shield":1,"minecraft:stick":32,"minecraft:iron_ingot":53,"minecraft:iron_pickaxe":1,"minecraft:gold_ingot":22,"naturalist:cooked_egg":2,"minecraft:coal":45,"ecologics:coconut_planks":4,"minecraft:furnace":1,"hangglider:glider_wing":1,"minecraft:iron_axe":1,"minecraft:stone_pickaxe":1,"minecraft:cooked_beef":12,"iceandfire:tide_trident":1,"minecraft:air":0,"minecraft:wooden_axe":1,"minecraft:acacia_planks":8,"minecraft:torch":20,"luminousworld:baobab_plank":4}},"DataVersion":3465}