{
  "iceandfire:iceandfire/root": {
    "criteria": {
      "tick": "2024-10-15 17:07:31 +0000"
    },
    "done": true
  },
  "takesapillage:root": {
    "criteria": {
      "always": "2024-10-15 17:07:31 +0000"
    },
    "done": true
  },
  "explorerscompass:explorers_compass_cracked_stone_bricks": {
    "criteria": {
      "has_recipe": "2024-10-15 17:07:31 +0000"
    },
    "done": true
  },
  "dungeons_arise:wda_root": {
    "criteria": {
      "WDA": "2024-10-15 17:07:31 +0000"
    },
    "done": true
  },
  "undead_revamp2:theundeadchallenges": {
    "criteria": {
      "theundeadchallenges": "2024-10-15 17:07:31 +0000"
    },
    "done": true
  },
  "friendsandfoes:misc/yellow_dye_from_buttercup": {
    "criteria": {
      "has_the_recipe": "2024-10-15 17:07:31 +0000"
    },
    "done": true
  },
  "naturescompass:natures_compass_log": {
    "criteria": {
      "has_recipe": "2024-10-15 17:07:31 +0000"
    },
    "done": true
  },
  "naturescompass:natures_compass": {
    "criteria": {
      "has_recipe": "2024-10-15 17:07:31 +0000"
    },
    "done": true
  },
  "naturescompass:natures_compass_sapling": {
    "criteria": {
      "has_recipe": "2024-10-15 17:07:31 +0000"
    },
    "done": true
  },
  "mowziesmobs:root": {
    "criteria": {
      "custom_test_name": "2024-10-15 17:07:31 +0000"
    },
    "done": true
  },
  "betterdungeons:root": {
    "criteria": {
      "always": "2024-10-15 17:07:31 +0000"
    },
    "done": true
  },
  "placeablesmod:placeables": {
    "criteria": {
      "placeables": "2024-10-15 17:07:31 +0000"
    },
    "done": true
  },
  "explorerscompass:explorers_compass_cobweb": {
    "criteria": {
      "has_recipe": "2024-10-15 17:07:31 +0000"
    },
    "done": true
  },
  "eeeabsmobs:eeeabsmobs/root": {
    "criteria": {
      "requirement": "2024-10-15 17:07:31 +0000"
    },
    "done": true
  },
  "betterdeserttemples:root": {
    "criteria": {
      "always": "2024-10-15 17:07:31 +0000"
    },
    "done": true
  },
  "cataclysm:root": {
    "criteria": {
      "custom_test_name": "2024-10-15 17:07:31 +0000"
    },
    "done": true
  },
  "incendium:technical/new_player": {
    "criteria": {
      "requirement": "2024-10-15 17:07:31 +0000"
    },
    "done": true
  },
  "explorerscompass:explorers_compass": {
    "criteria": {
      "has_recipe": "2024-10-15 17:07:31 +0000"
    },
    "done": true
  },
  "incendium:technical/scroll_of_returning": {
    "criteria": {
      "log_spam_fixer": "2024-10-15 17:07:33 +0000"
    },
    "done": false
  },
  "incendium:technical/using/ragnarok": {
    "criteria": {
      "log_spam_fixer": "2024-10-15 17:07:33 +0000"
    },
    "done": false
  },
  "incendium:technical/using/trailblazer": {
    "criteria": {
      "log_spam_fixer": "2024-10-15 17:07:33 +0000"
    },
    "done": false
  },
  "minecraft:adventure/adventuring_time": {
    "criteria": {
      "minecraft:old_growth_pine_taiga": "2024-10-17 23:39:15 +0000",
      "minecraft:taiga": "2024-10-15 17:07:33 +0000",
      "minecraft:deep_ocean": "2024-10-15 20:02:12 +0000",
      "minecraft:frozen_river": "2024-10-15 20:03:56 +0000",
      "quark:glimmering_weald": "2024-10-16 18:57:07 +0000",
      "minecraft:sunflower_plains": "2024-10-15 19:30:44 +0000",
      "minecraft:birch_forest": "2024-10-17 19:24:49 +0000",
      "minecraft:windswept_hills": "2024-10-17 19:07:06 +0000",
      "minecraft:beach": "2024-10-15 18:06:26 +0000",
      "minecraft:dark_forest": "2024-10-17 23:38:31 +0000",
      "minecraft:river": "2024-10-15 17:59:57 +0000",
      "minecraft:lukewarm_ocean": "2024-10-15 18:54:49 +0000",
      "minecraft:snowy_plains": "2024-10-15 20:12:58 +0000",
      "minecraft:stony_shore": "2024-10-17 19:25:24 +0000",
      "minecraft:snowy_taiga": "2024-10-15 20:03:42 +0000",
      "minecraft:dripstone_caves": "2024-10-16 17:53:18 +0000",
      "minecraft:swamp": "2024-10-15 20:25:15 +0000",
      "minecraft:grove": "2024-10-16 18:57:13 +0000",
      "minecraft:jagged_peaks": "2024-10-17 19:24:46 +0000",
      "minecraft:cold_ocean": "2024-10-15 20:03:23 +0000",
      "minecraft:forest": "2024-10-15 17:08:00 +0000",
      "minecraft:lush_caves": "2024-10-17 19:09:58 +0000",
      "minecraft:deep_cold_ocean": "2024-10-15 20:02:51 +0000",
      "minecraft:frozen_ocean": "2024-10-15 20:04:32 +0000",
      "minecraft:deep_frozen_ocean": "2024-10-15 20:23:32 +0000",
      "minecraft:windswept_forest": "2024-10-17 18:51:56 +0000",
      "minecraft:ocean": "2024-10-15 18:54:37 +0000",
      "minecraft:old_growth_spruce_taiga": "2024-10-15 20:25:39 +0000",
      "minecraft:snowy_beach": "2024-10-15 20:04:24 +0000",
      "minecraft:warm_ocean": "2024-10-17 23:24:03 +0000",
      "minecraft:deep_lukewarm_ocean": "2024-10-15 20:00:57 +0000",
      "minecraft:old_growth_birch_forest": "2024-10-17 23:36:53 +0000",
      "minecraft:deep_dark": "2024-10-16 18:56:53 +0000",
      "minecraft:meadow": "2024-10-17 19:24:43 +0000",
      "minecraft:savanna": "2024-10-15 18:55:13 +0000",
      "minecraft:plains": "2024-10-15 17:18:59 +0000"
    },
    "done": false
  },
  "incendium:technical/using/shield": {
    "criteria": {
      "log_spam_fixer": "2024-10-15 17:07:33 +0000"
    },
    "done": false
  },
  "tombstone:adventure/root": {
    "criteria": {
      "auto": "2024-10-15 17:07:33 +0000"
    },
    "done": true
  },
  "mutantmonsters:root": {
    "criteria": {
      "killed_something": "2024-10-15 17:08:44 +0000"
    },
    "done": true
  },
  "tombstone:adventure/find_grave_dust": {
    "criteria": {
      "from_undead": "2024-10-15 17:08:44 +0000"
    },
    "done": true
  },
  "minecraft:adventure/root": {
    "criteria": {
      "killed_something": "2024-10-15 17:08:44 +0000"
    },
    "done": true
  },
  "tombstone:recipes/from_grave_dust": {
    "criteria": {
      "has_ingredient": "2024-10-15 17:08:45 +0000"
    },
    "done": true
  },
  "minecraft:story/root": {
    "criteria": {
      "crafting_table": "2024-10-15 17:10:32 +0000"
    },
    "done": true
  },
  "minecraft:husbandry/tame_an_animal": {
    "criteria": {
      "tamed_animal": "2024-10-15 17:13:52 +0000"
    },
    "done": true
  },
  "minecraft:story/mine_stone": {
    "criteria": {
      "get_stone": "2024-10-15 17:14:13 +0000"
    },
    "done": true
  },
  "minecraft:husbandry/balanced_diet": {
    "criteria": {
      "cooked_mutton": "2024-10-15 18:17:21 +0000",
      "cooked_beef": "2024-10-15 17:17:04 +0000",
      "apple": "2024-10-16 18:12:52 +0000",
      "pumpkin_pie": "2024-10-15 18:52:27 +0000",
      "bread": "2024-10-15 19:39:20 +0000",
      "golden_apple": "2024-10-15 20:09:11 +0000",
      "rotten_flesh": "2024-10-15 20:23:02 +0000"
    },
    "done": false
  },
  "minecraft:husbandry/root": {
    "criteria": {
      "consumed_item": "2024-10-15 17:17:04 +0000"
    },
    "done": true
  },
  "minecraft:story/upgrade_tools": {
    "criteria": {
      "stone_pickaxe": "2024-10-15 17:17:59 +0000"
    },
    "done": true
  },
  "tombstone:adventure/ambush": {
    "criteria": {
      "coded_trigger": "2024-10-15 17:24:42 +0000"
    },
    "done": true
  },
  "minecraft:adventure/kill_all_mobs": {
    "criteria": {
      "minecraft:skeleton": "2024-10-15 18:01:11 +0000",
      "minecraft:spider": "2024-10-15 19:37:51 +0000",
      "minecraft:slime": "2024-10-16 00:48:21 +0000",
      "minecraft:phantom": "2024-10-15 17:24:42 +0000",
      "minecraft:witch": "2024-10-15 18:47:01 +0000",
      "minecraft:husk": "2024-10-15 18:59:27 +0000",
      "minecraft:cave_spider": "2024-10-15 18:46:34 +0000",
      "minecraft:zombie": "2024-10-15 18:46:41 +0000",
      "minecraft:zombie_villager": "2024-10-15 19:40:49 +0000"
    },
    "done": false
  },
  "minecraft:adventure/kill_a_mob": {
    "criteria": {
      "minecraft:phantom": "2024-10-15 17:24:42 +0000"
    },
    "done": true
  },
  "deeperdarker:main/kill_all_sculk_mobs": {
    "criteria": {
      "phantom": "2024-10-15 17:24:42 +0000"
    },
    "done": false
  },
  "tombstone:adventure/first_knowledge": {
    "criteria": {
      "coded_trigger": "2024-10-15 17:24:42 +0000"
    },
    "done": true
  },
  "tombstone:adventure/create_magic_scroll": {
    "criteria": {
      "has_magic_scroll": "2024-10-15 17:26:20 +0000"
    },
    "done": true
  },
  "tombstone:adventure/create_voodoo_poppet": {
    "criteria": {
      "has_voodoo_poppet": "2024-10-15 17:26:45 +0000"
    },
    "done": true
  },
  "tombstone:adventure/enchant_voodoo_poppet": {
    "criteria": {
      "has_enchanted_voodoo_poppet": "2024-10-15 17:26:45 +0000"
    },
    "done": true
  },
  "tombstone:adventure/choose_knowledge": {
    "criteria": {
      "coded_trigger": "2024-10-15 17:28:25 +0000"
    },
    "done": true
  },
  "minecraft:adventure/sleep_in_bed": {
    "criteria": {
      "slept_in_bed": "2024-10-15 18:00:56 +0000"
    },
    "done": true
  },
  "enemyexpansion:troll_hunter": {
    "criteria": {
      "troll_hunter_0": "2024-10-15 18:18:06 +0000"
    },
    "done": true
  },
  "minecraft:story/smelt_iron": {
    "criteria": {
      "iron": "2024-10-15 18:18:49 +0000"
    },
    "done": true
  },
  "minecraft:story/iron_tools": {
    "criteria": {
      "iron_pickaxe": "2024-10-15 18:18:54 +0000"
    },
    "done": true
  },
  "friendsandfoes:adventure/complete_hide_and_seek_game": {
    "criteria": {
      "friendsandfoes:complete_hide_and_seek_game": "2024-10-15 18:24:15 +0000"
    },
    "done": true
  },
  "artifacts:chest_slayer": {
    "criteria": {
      "kill_mimic": "2024-10-15 18:26:17 +0000"
    },
    "done": true
  },
  "artifacts:amateur_archaeologist": {
    "criteria": {
      "find_artifact": "2024-10-15 18:26:19 +0000"
    },
    "done": true
  },
  "undead_revamp2:nowyouknow": {
    "criteria": {
      "nowyouknow": "2024-10-15 18:30:13 +0000"
    },
    "done": true
  },
  "tombstone:adventure/first_grave": {
    "criteria": {
      "coded_trigger": "2024-10-15 18:30:15 +0000"
    },
    "done": true
  },
  "tombstone:adventure/strong_or_careful": {
    "criteria": {
      "coded_trigger": "2024-10-15 18:30:15 +0000"
    },
    "done": true
  },
  "tombstone:recipes/from_grave_key": {
    "criteria": {
      "has_ingredient": "2024-10-15 18:30:24 +0000"
    },
    "done": true
  },
  "endrem:main/root": {
    "criteria": {
      "lost_eye": "2024-10-15 18:32:44 +0000"
    },
    "done": true
  },
  "endrem:main/lost_eye": {
    "criteria": {
      "lost_eye": "2024-10-15 18:32:44 +0000"
    },
    "done": true
  },
  "alexscaves:alexscaves/root": {
    "criteria": {
      "underground_cabin": "2024-10-15 18:36:05 +0000"
    },
    "done": true
  },
  "alexscaves:alexscaves/cave_tablet": {
    "criteria": {
      "cave_tablet": "2024-10-15 18:36:15 +0000"
    },
    "done": true
  },
  "minecraft:story/mine_diamond": {
    "criteria": {
      "diamond": "2024-10-15 18:37:34 +0000"
    },
    "done": true
  },
  "alexscaves:alexscaves/cave_codex": {
    "criteria": {
      "cave_codex": "2024-10-15 18:41:08 +0000"
    },
    "done": true
  },
  "tombstone:adventure/ashes_and_bones": {
    "criteria": {
      "coded_trigger": "2024-10-15 18:47:38 +0000"
    },
    "done": true
  },
  "minecraft:story/obtain_armor": {
    "criteria": {
      "iron_chestplate": "2024-10-15 18:48:52 +0000"
    },
    "done": true
  },
  "minecraft:story/deflect_arrow": {
    "criteria": {
      "deflected_projectile": "2024-10-15 18:49:16 +0000"
    },
    "done": true
  },
  "dungeons_arise:find_bathhouse": {
    "criteria": {
      "location0": "2024-10-15 18:55:20 +0000"
    },
    "done": true
  },
  "iceandfire:iceandfire/kill_cyclops": {
    "criteria": {
      "killed_fire_dragon": "2024-10-15 18:57:38 +0000"
    },
    "done": true
  },
  "iceandfire:iceandfire/kill_ghost": {
    "criteria": {
      "killed_fire_dragon": "2024-10-15 19:11:44 +0000"
    },
    "done": true
  },
  "alexsmobs:alexsmobs/seagull_steal": {
    "criteria": {
      "ex": "2024-10-15 19:28:54 +0000"
    },
    "done": true
  },
  "iceandfire:iceandfire/gorgon_head": {
    "criteria": {
      "bestiary": "2024-10-15 19:32:06 +0000"
    },
    "done": true
  },
  "iceandfire:iceandfire/kill_if_dragon": {
    "criteria": {
      "killed_lightning_dragon": "2024-10-15 19:47:05 +0000"
    },
    "done": true
  },
  "supplementaries:adventure/way_sign": {
    "criteria": {
      "bastion": "2024-10-15 19:50:43 +0000"
    },
    "done": true
  },
  "alexsmobs:alexsmobs/acacia_blossom": {
    "criteria": {
      "acacia_blossom": "2024-10-15 19:53:42 +0000"
    },
    "done": true
  },
  "iceandfire:iceandfire/kill_sea_serpent": {
    "criteria": {
      "killed_fire_dragon": "2024-10-15 19:53:45 +0000"
    },
    "done": true
  },
  "dungeons_arise:find_illager_corsair_or_illager_galley": {
    "criteria": {
      "location0": "2024-10-15 20:02:13 +0000"
    },
    "done": true
  },
  "tombstone:adventure/enchant_grave_key": {
    "criteria": {
      "has_upgraded_grave_key": "2024-10-15 20:05:56 +0000"
    },
    "done": true
  },
  "tombstone:adventure/teleport_to_grave": {
    "criteria": {
      "coded_trigger": "2024-10-15 20:06:02 +0000"
    },
    "done": true
  },
  "tombstone:adventure/cancel_ghostly_shape": {
    "criteria": {
      "coded_trigger": "2024-10-15 20:08:31 +0000"
    },
    "done": true
  },
  "tombstone:adventure/easy_opening": {
    "criteria": {
      "coded_trigger": "2024-10-15 20:08:37 +0000"
    },
    "done": true
  },
  "mowziesmobs:kill_ferrous_wroughtnaut": {
    "criteria": {
      "ferrous_wroughtnaut": "2024-10-15 20:11:57 +0000"
    },
    "done": true
  },
  "dungeons_arise:find_abandoned_temple": {
    "criteria": {
      "location0": "2024-10-15 20:17:13 +0000"
    },
    "done": true
  },
  "mowziesmobs:kill_frostmaw": {
    "criteria": {
      "frostmaw": "2024-10-15 20:19:47 +0000"
    },
    "done": true
  },
  "dungeons_arise:find_lighthouse": {
    "criteria": {
      "location0": "2024-10-15 20:21:44 +0000"
    },
    "done": true
  },
  "tombstone:adventure/bone_crusher": {
    "criteria": {
      "coded_trigger": "2024-10-16 00:49:55 +0000"
    },
    "done": true
  },
  "minecraft:story/form_obsidian": {
    "criteria": {
      "obsidian": "2024-10-16 17:54:42 +0000"
    },
    "done": true
  },
  "alexscaves:alexscaves/cave_book": {
    "criteria": {
      "cave_book": "2024-10-16 17:59:52 +0000"
    },
    "done": true
  },
  "alexscaves:alexscaves/cave_map": {
    "criteria": {
      "cave_map": "2024-10-16 18:16:29 +0000"
    },
    "done": true
  },
  "alexscaves:alexscaves/discover_primordial_caves": {
    "criteria": {
      "discover": "2024-10-16 18:27:58 +0000"
    },
    "done": true
  },
  "alexscaves:alexscaves/discover_dinosaur": {
    "criteria": {
      "killed_by_vallumraptor": "2024-10-16 18:28:37 +0000"
    },
    "done": true
  },
  "deeperdarker:main/root": {
    "criteria": {
      "deep_dark": "2024-10-16 18:56:53 +0000"
    },
    "done": true
  },
  "minecraft:story/enchant_item": {
    "criteria": {
      "enchanted_item": "2024-10-16 18:58:15 +0000"
    },
    "done": true
  },
  "iceandfire:iceandfire/use_tide_trident": {
    "criteria": {
      "shot_arrow": "2024-10-16 19:05:07 +0000"
    },
    "done": true
  },
  "alexscaves:alexscaves/tree_star": {
    "criteria": {
      "tree_star": "2024-10-17 18:47:30 +0000"
    },
    "done": true
  },
  "alexsmobs:alexsmobs/root": {
    "criteria": {
      "useitem": "2024-10-17 19:03:44 +0000"
    },
    "done": true
  },
  "alexscaves:alexscaves/limestone": {
    "criteria": {
      "limestone": "2024-10-17 19:15:23 +0000"
    },
    "done": true
  },
  "undead_revamp2:daddy": {
    "criteria": {
      "daddy": "2024-10-17 19:16:03 +0000"
    },
    "done": true
  },
  "tombstone:adventure/chain_death": {
    "criteria": {
      "coded_trigger": "2024-10-17 19:17:53 +0000"
    },
    "done": true
  },
  "alexscaves:alexscaves/defeat_big_dinosaur": {
    "criteria": {
      "killed_tremorsaurus": "2024-10-17 19:23:24 +0000"
    },
    "done": true
  },
  "alexscaves:alexscaves/cooked_dinosaur_chop": {
    "criteria": {
      "cooked_dinosaur_chop": "2024-10-17 19:30:15 +0000"
    },
    "done": true
  },
  "alexscaves:alexscaves/discover_forlorn_hollows": {
    "criteria": {
      "discover": "2024-10-17 23:45:33 +0000"
    },
    "done": true
  },
  "alexscaves:alexscaves/defeat_corrodent": {
    "criteria": {
      "killed": "2024-10-17 23:47:50 +0000"
    },
    "done": true
  },
  "alexsmobs:alexsmobs/alligator_snapping_turtle": {
    "criteria": {
      "killed": "2024-10-17 22:59:50 +0000"
    },
    "done": true
  },
  "minecraft:story/shiny_gear": {
    "criteria": {
      "diamond_helmet": "2024-10-17 23:16:04 +0000"
    },
    "done": true
  },
  "betterdungeons:all_dungeons": {
    "criteria": {
      "in_better_monster_room": "2024-10-17 23:18:56 +0000",
      "in_better_spider_dungeon": "2024-10-17 23:39:35 +0000"
    },
    "done": false
  },
  "undead_revamp2:mommy": {
    "criteria": {
      "mommy": "2024-10-17 23:09:12 +0000"
    },
    "done": true
  },
  "alexscaves:alexscaves/dinosaur_nugget": {
    "criteria": {
      "cooked_dinosaur_chop": "2024-10-17 22:53:39 +0000"
    },
    "done": true
  },
  "betterdungeons:small_dungeon": {
    "criteria": {
      "in_better_monster_room": "2024-10-17 23:18:56 +0000"
    },
    "done": true
  },
  "alexscaves:alexscaves/primitive_club": {
    "criteria": {
      "limestone": "2024-10-17 22:59:30 +0000"
    },
    "done": true
  },
  "betterdungeons:spider_dungeon": {
    "criteria": {
      "in_better_spider_dungeon": "2024-10-17 23:39:35 +0000"
    },
    "done": true
  },
  "quark:get_diamond_heart": {
    "criteria": {
      "get_diamond_heart": "2024-10-17 23:12:56 +0000"
    },
    "done": true
  },
  "DataVersion": 3465
}